{"conv1/weights:0": 0.00016748509369790554, "conv1/biases:0": 0.00015372420602943748, "conv2/weights:0": 0.000615674362052232, "conv2/biases:0": 0.00010542059317231178, "conv2/batch_normalization/beta:0": 0.00023177450930234045, "conv2/batch_normalization/gamma:0": 9.713795589050278e-05, "conv3/weights:0": 0.0011852601310238242, "conv3/biases:0": 4.8213405534625053e-05, "conv3/batch_normalization/beta:0": 0.00024255114840343595, "conv3/batch_normalization/gamma:0": 0.00017350194684695452, "conv4/weights:0": 0.002531446050852537, "conv4/biases:0": 4.27835329901427e-05, "conv4/batch_normalization/beta:0": 0.00017256995488423854, "conv4/batch_normalization/gamma:0": 0.0001816500152926892, "conv5/weights:0": 0.003279538359493017, "conv5/biases:0": 0.0002360483049415052, "conv5/batch_normalization/beta:0": 0.00023011284065432847, "conv5/batch_normalization/gamma:0": 0.0002962060971185565, "conv6/weights:0": 0.0243910551071167, "conv6/biases:0": 0.00024107030185405165, "conv6/batch_normalization/beta:0": 0.00012003415758954361, "conv6/batch_normalization/gamma:0": 0.0003124412032775581, "local3/weights:0": 0.12792810797691345, "local3/biases:0": 1.0911442582806075e-10, "local3/batch_normalization/beta:0": 0.00042160128941759467, "local3/batch_normalization/gamma:0": 0.00032964194542728364, "tile_output_layer/weights:0": 0.005520371720194817, "tile_output_layer/biases:0": 7.19217740918765e-11, "tile_output_layer/batch_normalization/beta:0": 0.009619764052331448, "tile_output_layer/batch_normalization/gamma:0": 0.00445110397413373}