{"conv1/weights:0": 0.0009292062604799867, "conv1/biases:0": 0.0011252182302996516, "conv2/weights:0": 0.003921532072126865, "conv2/biases:0": 0.0008371319272555411, "conv2/batch_normalization/beta:0": 0.0017600086284801364, "conv2/batch_normalization/gamma:0": 0.0008511122432537377, "conv3/weights:0": 0.01155342347919941, "conv3/biases:0": 0.00041879608761519194, "conv3/batch_normalization/beta:0": 0.0018219173653051257, "conv3/batch_normalization/gamma:0": 0.0009422570001333952, "conv4/weights:0": 0.016506094485521317, "conv4/biases:0": 0.00035374442813917994, "conv4/batch_normalization/beta:0": 0.0011346446117386222, "conv4/batch_normalization/gamma:0": 0.001473590382374823, "conv5/weights:0": 0.02579069696366787, "conv5/biases:0": 0.0014705421635881066, "conv5/batch_normalization/beta:0": 0.001253135851584375, "conv5/batch_normalization/gamma:0": 0.0023753689602017403, "conv6/weights:0": 0.16252420842647552, "conv6/biases:0": 0.001693260739557445, "conv6/batch_normalization/beta:0": 0.0013385869096964598, "conv6/batch_normalization/gamma:0": 0.0022685122676193714, "local3/weights:0": 0.5378696322441101, "local3/biases:0": 0.0013500589411705732, "tile_output_layer/weights:0": 0.11695990711450577, "tile_output_layer/biases:0": 1.400262128470331e-10, "tile_output_layer/batch_normalization/beta:0": 0.012540177442133427, "tile_output_layer/batch_normalization/gamma:0": 0.0083521269261837}